{"cameraMode":{"drawMode":0,"name":"Shaded","section":"Shading Mode"},"sceneLighting":true,"audioPlay":false,"sceneViewState":{"m_AlwaysRefresh":false,"showFog":false,"showSkybox":true,"showFlares":true,"showImageEffects":true,"showParticleSystems":true,"showVisualEffectGraphs":true,"m_FxEnabled":true},"in2DMode":false,"pivot":{"x":-0.2556469440460205,"y":0.17733800411224366,"z":0.45392537117004397},"rotation":{"x":-0.17017246782779694,"y":0.3674861192703247,"z":-0.0685768872499466,"w":-0.9118373394012451},"size":1.6953015327453614,"orthographic":false}