{"cameraMode":{"drawMode":0,"name":"Shaded","section":"Shading Mode"},"sceneLighting":true,"audioPlay":false,"sceneViewState":{"m_AlwaysRefresh":false,"showFog":false,"showSkybox":true,"showFlares":true,"showImageEffects":true,"showParticleSystems":true,"showVisualEffectGraphs":true,"m_FxEnabled":true},"in2DMode":false,"pivot":{"x":-0.2601710557937622,"y":0.39565402269363406,"z":0.6927213668823242},"rotation":{"x":-0.2689304053783417,"y":0.33399274945259097,"z":-0.10003740340471268,"w":-0.8979279398918152},"size":14.424158096313477,"orthographic":false}